{
  "current": "Base",
  "presets": {
    "Base": {
      "brand_main_color": "#43547e",
      "body_background_color": "#e4eaef",
      "sidebar_menu_background_color": "#ffffff",
      "sidebar_menu_links_color": "#727272",
      "sidebar_menu_links_color_hover": "#417f94",
      "headings_color": "#000000",
      "body_font_color": "#515151",
      "main_link_color": "#43547e",
      "main_link_color_hover": "#417f94",
      "btn_text_color": "#ffffff",
      "btn_text_color_hover": "#ffffff",
      "btn_bg_color": "#43547e",
      "btn_bg_color_hover": "#417f94",
      "titles_bg_color": "#43547e",
      "collection_bg_color": "#d0d2d8",
      "collection_bg_color_even": "#d0d2d8",
      "collection_bg_color_odd": "#c3d9e3",
      "product_card_background_color": "rgba(255,255,255,0)",
      "product_compared_price_color": "#f44336",
      "base_font": "Google+Source+Sans+Pro",
      "body_font_size": "16px",
      "body_font_type": "sans-serif",
      "body_font_weight": "300",
      "heading_font": "Google+Lustria",
      "heading_font_size": "36px",
      "heading_font_type": "sans-serif",
      "heading_font_weight": "400",
      "second_font": "Google+Raleway",
      "second_font_size": "16px",
      "second_font_type": "sans-serif",
      "second_font_weight": "400",
      "use_logo": false,
      "nav_logo": "",
      "use_favicon": false,
      "favicon.png": "",
      "footer_display_contact_data": true,
      "footer_contact_data": "Calle Principal #000\n+52 1 000 000 0000",
      "footer_display_social": true,
      "footer_display_payment_methods": true,
      "accept_visa": true,
      "accept_mastercard": true,
      "accept_amex": true,
      "accept_paypal": true,
      "accept_oxxo": true,
      "accept_spei": false,
      "accept_cash": false,
      "policy_url": "",
      "frontpage_section_1": "featured-products",
      "frontpage_section_2": "featured-collections",
      "featured_products_collection": "inicio",
      "featured_products_limit": "8",
      "home_collections_title": "Colecciones destacadas",
      "home_collections_description": "Estas son nuestras selecciones más importantes.",
      "featured_collection_1": "inicio",
      "featured_collection_2": "",
      "featured_collection_3": "",
      "featured_collection_4": "",
      "featured_collection_5": "",
      "featured_collection_6": "",
      "show_vendor_name": true,
      "thumbnail_form": "thumbnail_portrait",
      "map_is_enabled": true,
      "map_address": "Mexico City",
      "map_zoom": "14",
      "map_marker": true,
      "map_api_key": "AIzaSyBjWefNJdkFjr8IC6izNHSj-9hJzCwIAr0",
      "cart_title": "Carrito de compras",
      "cart_description": "En caso de cualquier alguna, aquí estaremos para ti.",
      "cart_btn_buy_text": "Proceder a comprar",
      "cart_btn_more_text": "Comprar más",
      "facebook_link": "https://www.facebook.com/ShopertiHQ",
      "twitter_link": "",
      "google_link": "",
      "instagram_link": "",
      "pinterest_link": "",
      "youtube_link": "",
      "vimeo_link": "",
      "tumblr_link": "",
      "whatsapp_link": "",
      "enable_share_products": true,
      "enable_share_blog": true,
      "share_facebook": true,
      "share_twitter": true,
      "share_pinterest": true,
      "share_google": true
    }
  }
}
