{
  "info": {
    "logo": "screenshot.png",
    "header": "Gallery Theme",
    "content": [
      "Tema 'Gallery' de Shoperti. Por favor contáctanos por cualquier problema con este tema a [contacto](mailto:themes-support@shoperti.com)."
    ]
  },
  "categories": [
    {
      "name": "Colores",
      "icon": "colors",
      "sections": [
        {
          "header": "Colores Generales",
          "settings": [
            {
              "type": "color",
              "id": "brand_main_color",
              "label": "Color destacado",
              "default": "#43547e",
              "info": "Usualmente es el color principal de la marca."
            },
            {
              "type": "color",
              "id": "body_background_color",
              "label": "Fondo",
              "default": "#e4eaef"
            }
          ]
        },
        {
          "header": "Menú Sidebar",
          "settings": [
            {
              "type": "color",
              "id": "sidebar_menu_background_color",
              "label": "Fondo",
              "default": "#ffffff"
            },
            {
              "type": "color",
              "id": "sidebar_menu_links_color",
              "label": "Vínculos y Textos",
              "default": "#727272"
            },
            {
              "type": "color",
              "id": "sidebar_menu_links_color_hover",
              "label": "Sobre vínculos",
              "default": "#417f94"
            }
          ]
        },
        {
          "header": "Textos",
          "settings": [
            {
              "type": "color",
              "id": "headings_color",
              "label": "Títulos",
              "default": "#000000"
            },
            {
              "type": "color",
              "id": "body_font_color",
              "label": "Contenidos",
              "default": "#515151"
            },
            {
              "type": "color",
              "id": "main_link_color",
              "label": "Vínculos",
              "default": "#43547e"
            },
            {
              "type": "color",
              "id": "main_link_color_hover",
              "label": "Sobre vínculos",
              "default": "#417f94"
            }
          ]
        },
        {
          "header": "Botones",
          "settings": [
            {
              "type": "color",
              "id": "btn_text_color",
              "label": "Texto",
              "default": "#ffffff"
            },
            {
              "type": "color",
              "id": "btn_bg_color",
              "label": "Color de fondo",
              "default": "#43547e"
            },
            {
              "type": "color",
              "id": "btn_text_color_hover",
              "label": "Color texto con mouse encima",
              "default": "#ffffff"
            },
            {
              "type": "color",
              "id": "btn_bg_color_hover",
              "label": "Color de fondo con mouse encima",
              "default": "#417f94"
            }
          ]
        },
        {
          "header": "Productos, categorías y colecciones",
          "settings": [
            {
              "type": "color",
              "id": "titles_bg_color",
              "label": "Fondo títulos",
              "default": "#43547e"
            },
            {
              "type": "color",
              "id": "collection_bg_color",
              "label": "Fondo colección",
              "default": "#c3cce3"
            },
            {
              "type": "color",
              "id": "collection_bg_color_odd",
              "label": "Fondo colecciones impar",
              "default": "#c3cce3"
            },
            {
              "type": "color",
              "id": "collection_bg_color_even",
              "label": "Fondo colecciones par",
              "default": "#c3d9e3"
            },
            {
              "type": "color",
              "id": "product_card_background_color",
              "label": "Fondo de producto",
              "default": "rgba(255,255,255,0)"
            },
            {
              "type": "color",
              "id": "product_compared_price_color",
              "label": "Color precio comparativo",
              "default": "#f44336"
            }
          ]
        }
      ]
    },
    {
      "name": "Tipografías",
      "icon": "typography",
      "sections": [
        {
          "header": "Tipografía Base",
          "settings": [
            {
              "type": "select",
              "id": "body_font",
              "label": "Tipografía",
              "default": "Google+Source+Sans+Pro:300",
              "options": [
                {
                  "value": "Google+Arvo",
                  "label": "Arvo",
                  "group": "Google Web Fonts"
                },
                {
                  "value": "Google+Asap",
                  "label": "Asap",
                  "group": "Google Web Fonts"
                },
                {
                  "value": "Google+Cabin",
                  "label": "Cabin",
                  "group": "Google Web Fonts"
                },
                {
                  "value": "Google+Copse",
                  "label": "Copse",
                  "group": "Google Web Fonts"
                },
                {
                  "value": "Google+Droid+Sans",
                  "label": "Droid Sans",
                  "group": "Google Web Fonts"
                },
                {
                  "value": "Google+Droid+Serif",
                  "label": "Droid Serif",
                  "group": "Google Web Fonts"
                },
                {
                  "value": "Google+Gentium+Book+Basic",
                  "label": "Gentium Book Basic",
                  "group": "Google Web Fonts"
                },
                {
                  "value": "Google+Josefin+Slab",
                  "label": "Josefin Slab",
                  "group": "Google Web Fonts"
                },
                {
                  "value": "Google+Josefin+Sans",
                  "label": "Josefin Sans",
                  "group": "Google Web Fonts"
                },
                {
                  "value": "Google+Kreon",
                  "label": "Kreon",
                  "group": "Google Web Fonts"
                },
                {
                  "value": "Google+Lato",
                  "label": "Lato",
                  "group": "Google Web Fonts"
                },
                {
                  "value": "Google+Lustria",
                  "label": "Lustria",
                  "group": "Google Web Fonts"
                },
                {
                  "value": "Google+Merriweather",
                  "label": "Merriweather",
                  "group": "Google Web Fonts"
                },
                {
                  "value": "Google+Old+Standard+TT",
                  "label": "Old Standard TT",
                  "group": "Google Web Fonts"
                },
                {
                  "value": "Google+Open+Sans",
                  "label": "Open Sans",
                  "group": "Google Web Fonts"
                },
                {
                  "value": "Google+Playfair+Display",
                  "label": "Playfair Display",
                  "group": "Google Web Fonts"
                },
                {
                  "value": "Google+Raleway",
                  "label": "Raleway",
                  "group": "Google Web Fonts"
                },
                {
                  "value": "Google+Roboto+Slab",
                  "label": "Roboto Slab",
                  "group": "Google Web Fonts"
                },
                {
                  "value": "Google+Source+Sans+Pro",
                  "label": "Source Sans Pro",
                  "group": "Google Web Fonts"
                },
                {
                  "value": "ProximaNovaLight",
                  "label": "Proxima Nova",
                  "group": "Web Fonts"
                },
                {
                  "value": "Helvetica, Arial, sans-serif",
                  "label": "Helvetica/Arial",
                  "group": "Sans-serif"
                },
                {
                  "value": "Impact, Charcoal, Helvetica, Arial, sans-serif",
                  "label": "Impact",
                  "group": "Sans-serif"
                },
                {
                  "value": "'Lucida Grande', 'Lucida Sans Unicode', 'Lucida Sans', Lucida, Helvetica, Arial, sans-serif",
                  "label": "Lucida Grande",
                  "group": "Sans-serif"
                },
                {
                  "value": "Trebuchet MS, sans-serif",
                  "label": "Trebuchet MS",
                  "group": "Sans-serif"
                },
                {
                  "value": "Verdana, Helvetica, Arial, sans-serif",
                  "label": "Verdana",
                  "group": "Sans-serif"
                },
                {
                  "value": "Garamond, Baskerville, Caslon, serif",
                  "label": "Garamond",
                  "group": "Serif"
                },
                {
                  "value": "Georgia, Utopia, 'Times New Roman', Times, serif",
                  "label": "Georgia",
                  "group": "Serif"
                },
                {
                  "value": "Palatino, 'Palatino Linotype', 'Book Antiqua', serif",
                  "label": "Palatino",
                  "group": "Serif"
                },
                {
                  "value": "'Times New Roman', Times, serif",
                  "label": "Times New Roman",
                  "group": "Serif"
                },
                {
                  "value": "'Courier New', Courier, monospace",
                  "label": "Courier New",
                  "group": "Monospace"
                },
                {
                  "value": "Monaco, 'Lucida Console', 'DejaVu Sans Mono', monospace",
                  "label": "Monaco/Lucida Console",
                  "group": "Monospace"
                }
              ]
            },
            {
              "type": "select",
              "id": "body_font_size",
              "label": "Tamaño",
              "default": "16px",
              "options": [
                {
                  "value": "12px",
                  "label": "12px"
                },
                {
                  "value": "14px",
                  "label": "14px"
                },
                {
                  "value": "16px",
                  "label": "16px"
                },
                {
                  "value": "18px",
                  "label": "18px"
                }
              ]
            },
            {
              "type": "select",
              "id": "body_font_weight",
              "label": "Peso",
              "default": "400",
              "options": [
                {
                  "value": "100",
                  "label": "Thin 100"
                },
                {
                  "value": "100i",
                  "label": "Thin 100"
                },
                {
                  "value": "200",
                  "label": "Extra light 200"
                },
                {
                  "value": "200i",
                  "label": "Extra Light Italic 200"
                },
                {
                  "value": "300",
                  "label": "Light 300"
                },
                {
                  "value": "300i",
                  "label": "Light 300i"
                },
                {
                  "value": "400",
                  "label": "Regular 400"
                },
                {
                  "value": "400i",
                  "label": "Regular 400i"
                },
                {
                  "value": "500",
                  "label": "Medium 500"
                },
                {
                  "value": "500i",
                  "label": "Medium 500i"
                },
                {
                  "value": "600",
                  "label": "Semi Bold 600"
                },
                {
                  "value": "600i",
                  "label": "Semi Bold 600i"
                },
                {
                  "value": "700",
                  "label": "Bold 700"
                },
                {
                  "value": "700i",
                  "label": "Bold 700i"
                },
                {
                  "value": "800",
                  "label": "Extra Bold 800"
                },
                {
                  "value": "800i",
                  "label": "Extra Bold italic 800i"
                },
                {
                  "value": "900",
                  "label": "Black 900"
                },
                {
                  "value": "900i",
                  "label": "Black italic 900i"
                }
              ]
            },
            {
              "type": "select",
              "id": "body_font_type",
              "label": "Tipo",
              "default": "sans-serif",
              "options": [
                {
                  "value": "sans-serif",
                  "label": "Sans serif"
                },
                {
                  "value": "serif",
                  "label": "Serif"
                },
                {
                  "value": "cursive",
                  "label": "Cursive"
                }
              ]
            }
          ]
        },
        {
          "header": "Encabezados y Títulos",
          "settings": [
            {
              "type": "select",
              "id": "heading_font",
              "label": "Tipografía",
              "default": "Google+Lustria",
              "options": [
                {
                  "value": "Google+Arvo",
                  "label": "Arvo",
                  "group": "Google Web Fonts"
                },
                {
                  "value": "Google+Asap",
                  "label": "Asap",
                  "group": "Google Web Fonts"
                },
                {
                  "value": "Google+Barlow+Semi+Condensed",
                  "label": "Barlow Semi Condensed",
                  "group": "Google Web Fonts"
                },
                {
                  "value": "Google+Cabin",
                  "label": "Cabin",
                  "group": "Google Web Fonts"
                },
                {
                  "value": "Google+Copse",
                  "label": "Copse",
                  "group": "Google Web Fonts"
                },
                {
                  "value": "Google+Droid+Sans",
                  "label": "Droid Sans",
                  "group": "Google Web Fonts"
                },
                {
                  "value": "Google+Droid+Serif",
                  "label": "Droid Serif",
                  "group": "Google Web Fonts"
                },
                {
                  "value": "Google+Gentium+Book+Basic",
                  "label": "Gentium Book Basic",
                  "group": "Google Web Fonts"
                },
                {
                  "value": "Google+Josefin+Slab",
                  "label": "Josefin Slab",
                  "group": "Google Web Fonts"
                },
                {
                  "value": "Google+Josefin+Sans",
                  "label": "Josefin Sans",
                  "group": "Google Web Fonts"
                },
                {
                  "value": "Google+Kreon",
                  "label": "Kreon",
                  "group": "Google Web Fonts"
                },
                {
                  "value": "Google+Lato",
                  "label": "Lato",
                  "group": "Google Web Fonts"
                },
                {
                  "value": "Google+Lustria",
                  "label": "Lustria",
                  "group": "Google Web Fonts"
                },
                {
                  "value": "Google+Merriweather",
                  "label": "Merriweather",
                  "group": "Google Web Fonts"
                },
                {
                  "value": "Google+Old+Standard+TT",
                  "label": "Old Standard TT",
                  "group": "Google Web Fonts"
                },
                {
                  "value": "Google+Open+Sans",
                  "label": "Open Sans",
                  "group": "Google Web Fonts"
                },
                {
                  "value": "Google+Playfair+Display",
                  "label": "Playfair Display",
                  "group": "Google Web Fonts"
                },
                {
                  "value": "Google+Raleway",
                  "label": "Raleway",
                  "group": "Google Web Fonts"
                },
                {
                  "value": "Google+Roboto+Slab",
                  "label": "Roboto Slab",
                  "group": "Google Web Fonts"
                },
                {
                  "value": "Google+Source+Sans+Pro",
                  "label": "Source Sans Pro",
                  "group": "Google Web Fonts"
                },
                {
                  "value": "ProximaNovaLight",
                  "label": "Proxima Nova",
                  "group": "Web Fonts"
                },
                {
                  "value": "Helvetica, Arial, sans-serif",
                  "label": "Helvetica/Arial",
                  "group": "Sans-serif"
                },
                {
                  "value": "Impact, Charcoal, Helvetica, Arial, sans-serif",
                  "label": "Impact",
                  "group": "Sans-serif"
                },
                {
                  "value": "'Lucida Grande', 'Lucida Sans Unicode', 'Lucida Sans', Lucida, Helvetica, Arial, sans-serif",
                  "label": "Lucida Grande",
                  "group": "Sans-serif"
                },
                {
                  "value": "Trebuchet MS, sans-serif",
                  "label": "Trebuchet MS",
                  "group": "Sans-serif"
                },
                {
                  "value": "Verdana, Helvetica, Arial, sans-serif",
                  "label": "Verdana",
                  "group": "Sans-serif"
                },
                {
                  "value": "Garamond, Baskerville, Caslon, serif",
                  "label": "Garamond",
                  "group": "Serif"
                },
                {
                  "value": "Georgia, Utopia, 'Times New Roman', Times, serif",
                  "label": "Georgia",
                  "group": "Serif"
                },
                {
                  "value": "Palatino, 'Palatino Linotype', 'Book Antiqua', serif",
                  "label": "Palatino",
                  "group": "Serif"
                },
                {
                  "value": "'Times New Roman', Times, serif",
                  "label": "Times New Roman",
                  "group": "Serif"
                },
                {
                  "value": "'Courier New', Courier, monospace",
                  "label": "Courier New",
                  "group": "Monospace"
                },
                {
                  "value": "Monaco, 'Lucida Console', 'DejaVu Sans Mono', monospace",
                  "label": "Monaco/Lucida Console",
                  "group": "Monospace"
                }
              ]
            },
            {
              "type": "select",
              "id": "heading_font_size",
              "label": "Tamaño",
              "default": "36px",
              "options": [
                {
                  "value": "30px",
                  "label": "30px"
                },
                {
                  "value": "32px",
                  "label": "32px"
                },
                {
                  "value": "36px",
                  "label": "36px"
                },
                {
                  "value": "38px",
                  "label": "38px"
                },
                {
                  "value": "40px",
                  "label": "40px"
                }
              ]
            },
            {
              "type": "select",
              "id": "heading_font_weight",
              "label": "Peso",
              "default": "400",
              "options": [
                {
                  "value": "100",
                  "label": "Thin 100"
                },
                {
                  "value": "100i",
                  "label": "Thin 100"
                },
                {
                  "value": "200",
                  "label": "Extra light 200"
                },
                {
                  "value": "200i",
                  "label": "Extra Light Italic 200"
                },
                {
                  "value": "300",
                  "label": "Light 300"
                },
                {
                  "value": "300i",
                  "label": "Light 300i"
                },
                {
                  "value": "400",
                  "label": "Regular 400"
                },
                {
                  "value": "400i",
                  "label": "Regular 400i"
                },
                {
                  "value": "500",
                  "label": "Medium 500"
                },
                {
                  "value": "500i",
                  "label": "Medium 500i"
                },
                {
                  "value": "600",
                  "label": "Semi Bold 600"
                },
                {
                  "value": "600i",
                  "label": "Semi Bold 600i"
                },
                {
                  "value": "700",
                  "label": "Bold 700"
                },
                {
                  "value": "700i",
                  "label": "Bold 700i"
                },
                {
                  "value": "800",
                  "label": "Extra Bold 800"
                },
                {
                  "value": "800i",
                  "label": "Extra Bold italic 800i"
                },
                {
                  "value": "900",
                  "label": "Black 900"
                },
                {
                  "value": "900i",
                  "label": "Black italic 900i"
                }
              ]
            },
            {
              "type": "select",
              "id": "heading_font_type",
              "label": "Tipo",
              "default": "sans-serif",
              "options": [
                {
                  "value": "sans-serif",
                  "label": "Sans serif"
                },
                {
                  "value": "serif",
                  "label": "Serif"
                },
                {
                  "value": "cursive",
                  "label": "Cursive"
                }
              ]
            }
          ]
        },
        {
          "header": "Secundaria",
          "settings": [
            {
              "type": "select",
              "id": "second_font",
              "label": "Tipografía",
              "default": "Google+Raleway",
              "options": [
                {
                  "value": "Google+Arvo",
                  "label": "Arvo",
                  "group": "Google Web Fonts"
                },
                {
                  "value": "Google+Asap",
                  "label": "Asap",
                  "group": "Google Web Fonts"
                },
                {
                  "value": "Google+Cabin",
                  "label": "Cabin",
                  "group": "Google Web Fonts"
                },
                {
                  "value": "Google+Copse",
                  "label": "Copse",
                  "group": "Google Web Fonts"
                },
                {
                  "value": "Google+Droid+Sans",
                  "label": "Droid Sans",
                  "group": "Google Web Fonts"
                },
                {
                  "value": "Google+Droid+Serif",
                  "label": "Droid Serif",
                  "group": "Google Web Fonts"
                },
                {
                  "value": "Google+Gentium+Book+Basic",
                  "label": "Gentium Book Basic",
                  "group": "Google Web Fonts"
                },
                {
                  "value": "Google+Josefin+Slab",
                  "label": "Josefin Slab",
                  "group": "Google Web Fonts"
                },
                {
                  "value": "Google+Josefin+Sans",
                  "label": "Josefin Sans",
                  "group": "Google Web Fonts"
                },
                {
                  "value": "Google+Kreon",
                  "label": "Kreon",
                  "group": "Google Web Fonts"
                },
                {
                  "value": "Google+Lato",
                  "label": "Lato",
                  "group": "Google Web Fonts"
                },
                {
                  "value": "Google+Lustria",
                  "label": "Lustria",
                  "group": "Google Web Fonts"
                },
                {
                  "value": "Google+Merriweather",
                  "label": "Merriweather",
                  "group": "Google Web Fonts"
                },
                {
                  "value": "Google+Old+Standard+TT",
                  "label": "Old Standard TT",
                  "group": "Google Web Fonts"
                },
                {
                  "value": "Google+Open+Sans",
                  "label": "Open Sans",
                  "group": "Google Web Fonts"
                },
                {
                  "value": "Google+Playfair+Display",
                  "label": "Playfair Display",
                  "group": "Google Web Fonts"
                },
                {
                  "value": "Google+Raleway",
                  "label": "Raleway",
                  "group": "Google Web Fonts"
                },
                {
                  "value": "Google+Roboto+Slab",
                  "label": "Roboto Slab",
                  "group": "Google Web Fonts"
                },
                {
                  "value": "Google+Source+Sans+Pro",
                  "label": "Source Sans Pro",
                  "group": "Google Web Fonts"
                },
                {
                  "value": "ProximaNovaLight",
                  "label": "Proxima Nova",
                  "group": "Web Fonts"
                },
                {
                  "value": "Helvetica, Arial, sans-serif",
                  "label": "Helvetica/Arial",
                  "group": "Sans-serif"
                },
                {
                  "value": "Impact, Charcoal, Helvetica, Arial, sans-serif",
                  "label": "Impact",
                  "group": "Sans-serif"
                },
                {
                  "value": "'Lucida Grande', 'Lucida Sans Unicode', 'Lucida Sans', Lucida, Helvetica, Arial, sans-serif",
                  "label": "Lucida Grande",
                  "group": "Sans-serif"
                },
                {
                  "value": "Trebuchet MS, sans-serif",
                  "label": "Trebuchet MS",
                  "group": "Sans-serif"
                },
                {
                  "value": "Verdana, Helvetica, Arial, sans-serif",
                  "label": "Verdana",
                  "group": "Sans-serif"
                },
                {
                  "value": "Garamond, Baskerville, Caslon, serif",
                  "label": "Garamond",
                  "group": "Serif"
                },
                {
                  "value": "Georgia, Utopia, 'Times New Roman', Times, serif",
                  "label": "Georgia",
                  "group": "Serif"
                },
                {
                  "value": "Palatino, 'Palatino Linotype', 'Book Antiqua', serif",
                  "label": "Palatino",
                  "group": "Serif"
                },
                {
                  "value": "'Times New Roman', Times, serif",
                  "label": "Times New Roman",
                  "group": "Serif"
                },
                {
                  "value": "'Courier New', Courier, monospace",
                  "label": "Courier New",
                  "group": "Monospace"
                },
                {
                  "value": "Monaco, 'Lucida Console', 'DejaVu Sans Mono', monospace",
                  "label": "Monaco/Lucida Console",
                  "group": "Monospace"
                }
              ]
            },
            {
              "type": "select",
              "id": "second_font_weight",
              "label": "Peso",
              "default": "400",
              "options": [
                {
                  "value": "100",
                  "label": "Thin 100"
                },
                {
                  "value": "100i",
                  "label": "Thin 100"
                },
                {
                  "value": "200",
                  "label": "Extra light 200"
                },
                {
                  "value": "200i",
                  "label": "Extra Light Italic 200"
                },
                {
                  "value": "300",
                  "label": "Light 300"
                },
                {
                  "value": "300i",
                  "label": "Light 300i"
                },
                {
                  "value": "400",
                  "label": "Regular 400"
                },
                {
                  "value": "400i",
                  "label": "Regular 400i"
                },
                {
                  "value": "500",
                  "label": "Medium 500"
                },
                {
                  "value": "500i",
                  "label": "Medium 500i"
                },
                {
                  "value": "600",
                  "label": "Semi Bold 600"
                },
                {
                  "value": "600i",
                  "label": "Semi Bold 600i"
                },
                {
                  "value": "700",
                  "label": "Bold 700"
                },
                {
                  "value": "700i",
                  "label": "Bold 700i"
                },
                {
                  "value": "800",
                  "label": "Extra Bold 800"
                },
                {
                  "value": "800i",
                  "label": "Extra Bold italic 800i"
                },
                {
                  "value": "900",
                  "label": "Black 900"
                },
                {
                  "value": "900i",
                  "label": "Black italic 900i"
                }
              ]
            },
            {
              "type": "select",
              "id": "second_font_type",
              "label": "Tipo",
              "default": "sans-serif",
              "options": [
                {
                  "value": "sans-serif",
                  "label": "Sans serif"
                },
                {
                  "value": "serif",
                  "label": "Serif"
                },
                {
                  "value": "cursive",
                  "label": "Cursive"
                }
              ]
            }
          ]
        }
      ]
    },
    {
      "name": "Encabezado",
      "sections": [
        {
          "header": "Logo y Favicon",
          "settings": [
            {
              "type": "checkbox",
              "id": "use_logo",
              "label": "Usar logo personalizado"
            },
            {
              "type": "image",
              "id": "nav_logo",
              "label": "Seleccionar Logo",
              "info": "120px de ancho recomendado"
            },
            {
              "type": "checkbox",
              "id": "use_favicon",
              "label": "Usar favicon personalizado"
            },
            {
              "type": "image",
              "id": "favicon.png",
              "max-width": 32,
              "max-height": 32,
              "label": "Seleccionar Favicon",
              "info": "32 x 32px requerido"
            }
          ]
        }
      ]
    },
    {
      "name": "Pie de página",
      "icon": "footer",
      "sections": [
        {
          "header": "Datos de contacto",
          "settings": [
            {
              "type": "checkbox",
              "id": "footer_display_contact_data",
              "label": "Mostrar datos",
              "default": true
            },
            {
              "type": "text",
              "id": "footer_contact_data",
              "label": "Contacto y/o ubicación",
              "default": "CALLE 000, COLONIA, DELEGACION/MUNICIPIO, MÉXICO, ESTADO, C.P. 00000 TELÉFONO (+52) 000 000000 - (+52) 000 000000 INFO@MIEMPRESA.COM"
            },
            {
              "type": "checkbox",
              "id": "footer_display_social",
              "label": "Mostrar redes sociales",
              "default": true
            },
            {
              "type": "checkbox",
              "id": "footer_display_payment_methods",
              "label": "Mostrar métodos de pago",
              "default": true
            }
          ]
        },
        {
          "header": "Íconos de métodos de pago",
          "settings": [
            {
              "type": "checkbox",
              "id": "accept_visa",
              "label": "Visa"
            },
            {
              "type": "checkbox",
              "id": "accept_mastercard",
              "label": "Mastercard"
            },
            {
              "type": "checkbox",
              "id": "accept_amex",
              "label": "American Express"
            },
            {
              "type": "checkbox",
              "id": "accept_paypal",
              "label": "Paypal"
            },
            {
              "type": "checkbox",
              "id": "accept_oxxo",
              "label": "OXXO"
            },
            {
              "type": "checkbox",
              "id": "accept_spei",
              "label": "SPEI"
            },
            {
              "type": "checkbox",
              "id": "accept_cash",
              "label": "Efectivo"
            }
          ]
        },
        {
          "header": "Aviso de privacidad",
          "settings": [
            {
              "type": "page",
              "id": "policy_url",
              "label": "Enlace al aviso de privacidad"
            }
          ]
        }
      ]
    },
    {
      "name": "Página de Inicio",
      "icon": "home-page",
      "sections": [
        {
          "header": "Orden de Secciones",
          "settings": [
            {
              "type": "paragraph",
              "content": "Elige las secciones de tu página de inicio y su posición."
            },
            {
              "type": "select",
              "id": "frontpage_section_1",
              "label": "Sección 1",
              "default": "featured-products",
              "options": [
                {
                  "value": "none",
                  "label": "Ningúno"
                },
                {
                  "value": "featured-products",
                  "label": "Productos destacados"
                },
                {
                  "value": "featured-collections",
                  "label": "Colecciones destacadas"
                }
              ]
            },
            {
              "type": "select",
              "id": "frontpage_section_2",
              "label": "Sección 2",
              "default": "featured-collections",
              "options": [
                {
                  "value": "none",
                  "label": "Ningúno"
                },
                {
                  "value": "featured-products",
                  "label": "Productos destacados"
                },
                {
                  "value": "featured-collections",
                  "label": "Colecciones destacadas"
                }
              ]
            }
          ]
        }
      ]
    },
    {
      "name": "Página de Inicio - Productos",
      "icon": "home-page",
      "sections": [
        {
          "header": "Productos Destacados",
          "settings": [
            {
              "type": "collection",
              "id": "featured_products_collection",
              "label": "Productos destacados",
              "default": "inicio"
            },
            {
              "type": "text",
              "id": "featured_products_limit",
              "label": "Límite de Productos a Mostrar",
              "default": "8",
              "info": "Para mostrar todos los productos de esta colección deja vacío este campo"
            }
          ]
        }
      ]
    },
    {
      "name": "Página de Inicio - Colecciones",
      "icon": "home-page",
      "sections": [
        {
          "settings": [
            {
              "type": "text",
              "id": "home_collections_title",
              "label": "Título de las Colecciones",
              "default": "Colecciones destacadas"
            },
            {
              "type": "text",
              "id": "home_collections_description",
              "label": "Descripción de las Colecciones",
              "default": "Estas son nuestras selecciones más destacadas."
            },
            {
              "type": "collection",
              "id": "featured_collection_1",
              "label": "Colección de productos 1",
              "default": "inicio"
            },
            {
              "type": "collection",
              "id": "featured_collection_2",
              "label": "Colección de productos 2"
            },
            {
              "type": "collection",
              "id": "featured_collection_3",
              "label": "Colección de productos 3"
            },
            {
              "type": "collection",
              "id": "featured_collection_4",
              "label": "Colección de productos 4"
            },
            {
              "type": "collection",
              "id": "featured_collection_5",
              "label": "Colección de productos 5"
            },
            {
              "type": "collection",
              "id": "featured_collection_6",
              "label": "Colección de productos 6"
            }
          ]
        }
      ]
    },
    {
      "name": "Producto",
      "icon": "product-page",
      "sections": [
        {
          "settings": [
            {
              "type": "checkbox",
              "id": "show_vendor_name",
              "label": "Mostrar marca del producto",
              "default": true
            },
            {
              "type": "select",
              "id": "thumbnail_form",
              "label": "Tipo de miniaturas",
              "default": "thumbnail_portrait",
              "options": [
                {
                  "value": "thumbnail_portrait",
                  "label": "Vertical"
                },
                {
                  "value": "thumbnail_landscape",
                  "label": "Horizontal"
                },
                {
                  "value": "thumbnail_square",
                  "label": "Cuadrada"
                }
              ]
            }
          ]
        }
      ]
    },
    {
      "name": "Contacto",
      "icon": "contact-page",
      "sections": [
        {
          "header": "Mapa",
          "settings": [
            {
              "type": "checkbox",
              "id": "map_is_enabled",
              "label": "Mostrar mapa"
            },
            {
              "type": "text",
              "id": "map_address",
              "label": "Ubicación a mostrar",
              "default": "Mexico City",
              "info": "Ingresa la dirección que mas corresponda a tu ubicación"
            },
            {
              "type": "text",
              "id": "map_zoom",
              "label": "Acercamiento inicial",
              "default": "14",
              "info": "1...20"
            },
            {
              "type": "checkbox",
              "id": "map_marker",
              "label": "Mostrar marca en el mapa"
            },
            {
              "type": "text",
              "id": "map_api_key",
              "default": "AIzaSyBjWefNJdkFjr8IC6izNHSj-9hJzCwIAr0",
              "label": "API KEY",
              "info": "API Key DEMO, Visita: https://developers.google.com/maps/documentation/geocoding/get-api-key y obtén una clave para continuar usando el mapa correctamente"
            }
          ]
        }
      ]
    },
    {
      "name": "Carrito",
      "icon": "cart-page",
      "sections": [
        {
          "settings": [
            {
              "type": "text",
              "id": "cart_title",
              "label": "Título de la sección de carrito"
            },
            {
              "type": "text",
              "id": "cart_description",
              "label": "Descripción de la sección de carrito"
            },
            {
              "type": "text",
              "id": "cart_btn_buy_text",
              "label": "Texto de boton comprar",
              "default": "Prodecer a comprar"
            },
            {
              "type": "text",
              "id": "cart_btn_more_text",
              "label": "Texto de boton comprar más",
              "default": "Comprar más"
            }
          ]
        }
      ]
    },
    {
      "name": "Redes Sociales",
      "icon": "social-media",
      "sections": [
        {
          "header": "Cuentas",
          "settings": [
            {
              "type": "text",
              "id": "facebook_link",
              "label": "Facebook",
              "default": "https://www.facebook.com/ShopertiHQ",
              "info": "https://www.facebook.com/shoperti"
            },
            {
              "type": "text",
              "id": "twitter_link",
              "label": "Twitter",
              "info": "https://twitter.com/shoperti"
            },
            {
              "type": "text",
              "id": "google_link",
              "label": "Google+",
              "info": "https://plus.google.com/+shoperti"
            },
            {
              "type": "text",
              "id": "pinterest_link",
              "label": "Pinterest",
              "info": "https://www.pinterest.com/shoperti/"
            },
            {
              "type": "text",
              "id": "instagram_link",
              "label": "Instagram",
              "info": "https://instagram.com/shoperti/"
            },
            {
              "type": "text",
              "id": "youtube_link",
              "label": "Youtube",
              "info": "https://www.youtube.com/user/shoperti"
            },
            {
              "type": "text",
              "id": "vimeo_link",
              "label": "Vimeo",
              "info": "https://vimeo.com/shoperti"
            },
            {
              "type": "text",
              "id": "tumblr_link",
              "label": "Tumblr",
              "info": "http://shoperti.tumblr.com/"
            },
            {
              "type": "text",
              "id": "whatsapp_link",
              "label": "Whatsapp",
              "info": "+52 123 456 789"
            }
          ]
        },
        {
          "header": "Compartir",
          "settings": [
            {
              "type": "checkbox",
              "id": "enable_share_products",
              "label": "Habilitar compartir productos",
              "default": true
            },
            {
              "type": "checkbox",
              "id": "enable_share_blog",
              "label": "Habilitar compartir blog y posts",
              "default": true
            },
            {
              "type": "checkbox",
              "id": "share_facebook",
              "label": "Compartir en Facebook",
              "default": true
            },
            {
              "type": "checkbox",
              "id": "share_twitter",
              "label": "Tuitear en Twitter",
              "default": true
            },
            {
              "type": "checkbox",
              "id": "share_pinterest",
              "label": "Hacer pin en Pinterest",
              "default": true
            },
            {
              "type": "checkbox",
              "id": "share_google",
              "label": "+1 en Google Plus",
              "default": true
            }
          ]
        }
      ]
    }
  ]
}
